Produit;Désignation;Vendeur;Raison sociale du vendeur;Expéditeur;Pays;Raison sociale de l'expéditeur;Identifiant appro;SGR;Ligne;Traitée;Rupture minimale;Nombre de jours couverture minimale;Rupture usine;Nombre de jours couverture usine;Rupture usine et parc;Nombre de jours couverture usine + parc;Rupture usine sans encours transport;Nombre de jours couverture sans encours transport;Stock Sens2;Stock départ Minimale;Stock départ usine;Stock départ usine et parc;SGR et ligne;Date fin série;Date transfert série;Date dernier RI;Dotation atelier;Sécu appro;Sécu LUO;Sécu NLIJ;Sécu douane;Unité;Sécu transport amont;Unité;Sécu transport aval;Unité;Sécu transport;Unité;CMJ JL Hebdo;CMJ JL Périodique;Quantité EO;Quantité EF;Quantité XC;Quantité RP;Quantité XP;Quantité DT;Quantité AT;Quantité EP;Quantité AS;Retard en EF/XP;Retard en RQ;Avance en RQ;Commentaire;Date Commentaire;Auteur du commentaire;Date du dernier calcul de couverture
1479072080;FILTRE RESERV;23054H  01;ROBERT BOSCH GMBH;22969R  53;France;ROBERT BOSCH FRANCE SAS;DEME CHRISTINE;CJ6;1;Non traitée;03/11/15 07:14;10,5;;0;;0;;0;977;-29;971;0;CJ6-1;;10/04/2000 02:00:00;;1000;0;77;0;N/A;N/A;N/A;N/A;N/A;N/A;600;M;34;36;0;500;0;0;0;0;0;0;0;0;500;0;;;;23/10/2015 16:06:02
7903006101;VIS CBLX M8-25;63629L  12;AGRATI GIE;63095F  01;France;AGRATI VIEUX-CONDE SAS;HENRIO DOMINIQUE;CJ6;1;Non traitée;12/11/15 13:37;19,5;;0;;0;10/11/2015 10:36:15;17,5;2694;1062;2462;0;CJ6-1;;15/06/2009 02:00:00;;1400;0;0;0;N/A;N/A;N/A;N/A;N/A;N/A;540;M;458;505;2100;0;0;0;0;0;0;0;0;0;0;0;;;;23/10/2015 16:03:29
7903011385;VIS M6X100 L25 S;82109Y  01;ITW RIVEX;82109Y  01;France;ITW RIVEX;PENVEN CHRISTIAN;CJ2;1;Non traitée;03/11/15 07:00;10,5;;0;;0;;0;22107;-7711;21189;0;CJ2-1;;15/04/2000 02:00:00;;28900;0;20;0;N/A;N/A;N/A;N/A;N/A;N/A;660;M;855;860;20800;0;0;0;0;0;0;0;0;0;0;0;;;;23/10/2015 16:05:15
7903011449;GOUJON K M6X100;83502M  01;TUCKER GMBH;83502M  06;Allemagne;TUCKER GMBH;GAUTIER CHRISTOPHE;CJ2;1;Non traitée;04/11/15 13:42;11,5;;0;;0;;0;60184;3400;58015;0;CJ2-1;;26/09/2005 02:00:00;;54615;0;20;0;N/A;N/A;N/A;N/A;N/A;N/A;720;M;2060;2095;16000;0;16000;0;0;0;0;0;0;0;0;0;;;;23/10/2015 16:30:50
7903011474;VIS CL CON M6*25;84247X  01;SOCIETE DES FORGES DE FRONCLES;84247X  01;France;SOCIETE DES FORGES DE FRONCLES;GAUTIER CHRISTOPHE;CJ2;1;Non traitée;03/11/15 07:00;10,5;;0;;0;;0;24758;-1023;22097;0;CJ2-1;;01/06/2003 02:00:00;;23120;0;20;0;N/A;N/A;N/A;N/A;N/A;N/A;600;M;2479;2483;12000;0;0;0;0;0;0;0;0;0;0;0;;;;23/10/2015 16:07:20
7903011475;VIS CL CON M6*40;82109Y  01;ITW RIVEX;82109Y  01;France;ITW RIVEX;PENVEN CHRISTIAN;CJ2;1;Non traitée;12/11/15 14:05;19,5;;0;;0;;0;29865;17010;27185;0;CJ2-1;;31/03/2003 02:00:00;;10175;0;0;0;N/A;N/A;N/A;N/A;N/A;N/A;660;M;2906;2913;12800;12800;0;0;0;0;0;0;0;12800;0;0;;;;23/10/2015 16:07:34
7903042053;ECROU K H SOUD;34894C  01;LISI AUTOMOTIVE FORMER;34894C  01;France;LISI AUTOMOTIVE FORMER;MORVAN GILLES;CJ2;1;Non traitée;03/11/15 07:00;10,5;;0;;0;;0;29746;-4886;26512;0;CJ2-1;;01/01/1996 01:00:00;;31398;0;20;0;N/A;N/A;N/A;N/A;N/A;N/A;660;M;3014;3015;20800;0;0;0;0;0;0;0;0;0;0;0;;;;23/10/2015 16:05:53
7903042062;ECROU KQ5.5 AC6;34894C  01;LISI AUTOMOTIVE FORMER;34894C  01;France;LISI AUTOMOTIVE FORMER;PENVEN CHRISTIAN;CJ2;1;Non traitée;04/11/15 07:37;11,5;;0;;0;;0;20326;742;19582;0;CJ2-1;;01/01/1996 01:00:00;;18840;0;20;0;N/A;N/A;N/A;N/A;N/A;N/A;660;M;709;708;0;0;6800;0;0;0;0;0;0;0;0;0;;;;23/10/2015 16:31:00
7903043003;ECROU M6X100;17213J  01;BOLLHOFF OTALU SA;17213J  01;France;BOLLHOFF OTALU SA;PENVEN CHRISTIAN;CJ6;1;Non traitée;03/11/15 07:54;10,5;;0;;0;;0;26693;197;18217;0;CJ6-1, CJ2-1;;01/01/1996 01:00:00;;18020;0;20;0;N/A;N/A;N/A;N/A;N/A;N/A;720;M;1423;1419;4500;0;0;0;0;0;0;0;0;0;0;0;;;;23/10/2015 16:06:58
7903085043;LANIERE K L100;52033G  01;HELLERMANNTYTON;52033G  05;France;HELLERMANNTYTON;HENRIO DOMINIQUE;CJ6;1;Non traitée;03/11/15 07:00;10,5;;0;;0;;0;14226;-82156;13844;0;CJ6-1;;01/01/1996 01:00:00;;96000;0;0;0;N/A;N/A;N/A;N/A;N/A;N/A;420;M;644;648;0;0;0;0;0;0;0;0;0;0;0;0;;;;23/10/2015 16:09:38
7903233025;ECROU H M6X100;A0063I  01;OPTIMAS OE SOLUTIONS SAS;A0063I  01;France;OPTIMAS OE SOLUTIONS SAS;MORVAN GILLES;CJ6;1;Non traitée;03/11/15 07:00;10,5;;0;;0;;0;18302;-7330;4670;0;CJ6-1, CJ2-;;01/01/1996 01:00:00;;12000;0;0;0;N/A;N/A;N/A;N/A;N/A;N/A;660;M;809;806;16000;0;0;0;0;0;0;0;0;0;0;0;;;;23/10/2015 16:10:13
7903233029;ECROU;34894C  01;LISI AUTOMOTIVE FORMER;94437Y  01;France;LISI AUTOMOTIVE NOMEL SAS;HENRIO DOMINIQUE;CJ6;1;Non traitée;09/11/15 08:00;16,5;;0;;0;;0;183501;30022;177897;0;CJ6-1;;01/01/1996 01:00:00;;147875;0;20;0;N/A;N/A;N/A;N/A;N/A;N/A;360;M;8567;8591;56000;0;0;0;0;0;0;0;0;0;0;0;;;;23/10/2015 16:10:30
7903233044;ECROU M10*150;18727E  04;ALCOA FIXATIONS SIMMONDS;18727E  04;France;ALCOA FIXATIONS SIMMONDS;GAUTHER SYLVIE;CJ6;1;Non traitée;03/11/15 07:03;10,5;;0;;0;;0;12926;-2238;8962;0;CJ6-1, CJ2-;;10/10/1996 02:00:00;;11200;0;0;0;N/A;N/A;N/A;N/A;N/A;N/A;300;M;128;132;1600;0;0;0;0;0;0;0;0;0;0;0;;;;23/10/2015 16:04:47
7903301112;ML VIS M8X125L25;63629L  12;AGRATI GIE;63095F  01;France;AGRATI VIEUX-CONDE SAS;HENRIO DOMINIQUE;CJ6;1;Non traitée;12/11/15 11:39;19,5;;0;;0;05/11/2015 11:23:19;12,5;2419;-816;1984;0;CJ6-1;;01/01/1996 01:00:00;;2800;0;58;0;N/A;N/A;N/A;N/A;N/A;N/A;540;M;793;696;4900;0;0;0;0;0;0;0;0;0;0;0;;;;23/10/2015 16:01:54
7903301130;VIS RCN M10;63629L  12;AGRATI GIE;63095F  01;France;AGRATI VIEUX-CONDE SAS;HENRIO DOMINIQUE;CJ6;1;Non traitée;12/11/15 10:03;19,5;;0;;0;;0;1243;347;1187;0;CJ6-1;;01/01/1996 01:00:00;;840;0;77;0;N/A;N/A;N/A;N/A;N/A;N/A;540;M;126;116;280;0;0;0;0;0;0;0;0;0;0;0;;;;23/10/2015 16:06:50
7903301281;VIS H RCN M10X15;63629L  12;AGRATI GIE;63095F  01;France;AGRATI VIEUX-CONDE SAS;HENRIO DOMINIQUE;CJ6;1;Non traitée;12/11/15 10:01;19,5;;0;;0;;0;1047;275;975;0;CJ6-1;;15/09/2003 02:00:00;;700;0;77;0;N/A;N/A;N/A;N/A;N/A;N/A;540;M;135;111;350;0;0;0;0;0;0;0;0;0;0;0;;;;23/10/2015 16:05:59
7903301532;VIS H M8X125 L30;68891F  01;FONTANA FASTENERS FRANCE SA;68891F  01;France;FONTANA FASTENERS FRANCE SA;EVEILLARD ISABELLE;CJ6;1;Non traitée;03/11/15 07:02;10,5;03/11/2015 07:02:55;10,5;;0;03/11/2015 07:02:55;10,5;79186;-38304;-4970;0;CJ6-1, CJ2-1;;08/11/1996 01:00:00;;50000;0;77;0;N/A;N/A;N/A;N/A;N/A;N/A;420;M;6472;6500;25600;0;12800;0;0;0;0;0;0;0;0;0;;;;23/10/2015 16:30:47
7903602014;VIS;63629L  12;AGRATI GIE;63095F  01;France;AGRATI VIEUX-CONDE SAS;HENRIO DOMINIQUE;CJ6;1;Non traitée;12/11/15 14:12;19,5;;0;;0;;0;3896;462;3762;0;CJ6-1;29/02/2016;01/01/1996 01:00:00;;3300;0;77;0;N/A;N/A;N/A;N/A;N/A;N/A;540;M;243;248;1100;0;0;0;0;0;0;0;0;0;0;0;;;;23/10/2015 16:03:38
7903602025;VIS EMBASE 8X30;63629L  12;AGRATI GIE;63095F  01;France;AGRATI VIEUX-CONDE SAS;HENRIO DOMINIQUE;CJ6;1;Non traitée;12/11/15 09:44;19,5;;0;;0;;0;4364;278;4278;0;CJ6-1;;04/06/2007 02:00:00;;4000;0;0;0;N/A;N/A;N/A;N/A;N/A;N/A;540;M;149;143;500;0;0;0;0;0;0;0;0;0;0;0;;;;23/10/2015 16:04:47
7903602032;VIS H EMB;63629L  12;AGRATI GIE;63095F  01;France;AGRATI VIEUX-CONDE SAS;HENRIO DOMINIQUE;CJ6;1;Non traitée;12/11/15 08:21;19,5;;0;;0;09/11/2015 13:06:17;16,5;1625;669;1419;0;CJ6-1;;01/01/1996 01:00:00;;750;0;20;0;N/A;N/A;N/A;N/A;N/A;N/A;540;M;350;342;1250;0;0;0;0;0;0;0;0;0;0;0;;;;23/10/2015 16:03:27
7920025012;FILM ADHESIF D30;83980G  01;ADHEX TECHNOLOGIES;83980G  01;France;ADHEX TECHNOLOGIES;PENVEN CHRISTIAN;CJ6;1;Non traitée;03/11/15 07:00;10,5;;0;;0;;0;105841;-28527;104806;0;CJ6-1;;03/02/1997 01:00:00;;133333;0;0;0;N/A;N/A;N/A;N/A;N/A;N/A;480;M;1602;1625;20000;0;0;0;0;0;0;0;0;0;0;0;;;;23/10/2015 16:01:17
9251956680;MOUSSE ADH 30L50;79173G  01;PULLFLEX S A;79173G  02;France;PULLFLEX S A;GAUTHER SYLVIE;CJ6;1;Non traitée;03/11/15 07:00;10,5;;0;;0;;0;56344;-4394;55606;0;CJ6-1;;01/01/1996 01:00:00;;60000;0;39;0;N/A;N/A;N/A;N/A;N/A;N/A;360;M;1157;1143;20000;0;0;0;0;0;0;0;0;0;0;0;;;;23/10/2015 16:06:35
9460136680;N°GESTION CATA;12939N  04;BASF FRANCE SAS;12939N  09;France;BASF FRANCE SAS;EVEILLARD ISABELLE;CJ3;1;Non traitée;03/11/15 07:00;10,5;03/11/2015 07:00:00;10,5;;0;03/11/2015 07:00:00;10,5;0;-42125,98;-42125,98;0;CJ3-1;;05/07/2010 02:00:00;;0;0;20;0;N/A;N/A;N/A;N/A;N/A;N/A;420;M;39315;39415;0;0;0;0;0;0;0;0;0;0;0;0;;;;23/10/2015 16:01:53
9603816480;OBTURATEUR K 18;50342U  01;SACRED;50342U  01;France;SACRED;DEME CHRISTINE;CJ6;1;Non traitée;03/11/15 07:00;10,5;03/11/2015 07:00:00;10,5;;0;03/11/2015 07:00:00;10,5;63102;-15276;-1526;0;CJ6-1, CJ3-1;;01/01/1996 01:00:00;;27500;0;0;0;N/A;N/A;N/A;N/A;N/A;N/A;360;M;5321;5330;22000;0;11000;0;0;0;0;0;0;0;0;0;;;;23/10/2015 16:07:09
9614184280;ECROU SERTI CYLI;17213J  01;BOLLHOFF OTALU SA;17213J  01;France;BOLLHOFF OTALU SA;PENVEN CHRISTIAN;CJ6;1;Non traitée;03/11/15 07:07;10,5;;0;;0;;0;1550;-468;1532;0;CJ6-1;;19/06/2008 02:00:00;;2000;0;77;0;N/A;N/A;N/A;N/A;N/A;N/A;720;M;31;32;1000;0;0;0;0;0;0;0;0;0;0;0;;;;23/10/2015 16:04:42
9623155680;VIS HRCL M6X100;68891F  01;FONTANA FASTENERS FRANCE SA;68891F  01;France;FONTANA FASTENERS FRANCE SA;EVEILLARD ISABELLE;CJ6;1;Non traitée;05/11/15 08:23;12,5;;0;;0;;0;36504;7727;34727;0;CJ6-1;;01/01/1996 01:00:00;;27000;1;20;0;N/A;N/A;N/A;N/A;N/A;N/A;420;M;2892;3001;0;0;0;0;0;0;0;0;0;0;0;0;;;;23/10/2015 16:10:22
9633355780;HAUT-PARLEUR;94936R  01;ASK INDUSTRIES SPA;A005M2  02;Italie;CFE LOGISTICS;MORVAN GILLES;CJ6;1;Non traitée;10/11/15 08:44;17,5;;0;;0;10/11/2015 09:50:18;17,5;6299;2003;5531;0;CJ6-1;;01/02/1999 01:00:00;;3528;0;20;0;N/A;N/A;N/A;N/A;N/A;N/A;720;M;1158;1162;8400;0;0;0;0;0;0;0;0;0;0;0;;;;23/10/2015 16:01:36
9634687080;ECROU S 5.5;82109Y  01;ITW RIVEX;82109Y  01;France;ITW RIVEX;PENVEN CHRISTIAN;CJ2;1;Non traitée;03/11/15 07:00;10,5;;0;;0;;0;37303;-11596;36064;0;CJ2-1;;15/04/2000 02:00:00;;47660;0;20;0;N/A;N/A;N/A;N/A;N/A;N/A;660;M;1154;1158;0;0;0;0;0;0;0;0;0;0;0;0;;;;23/10/2015 16:06:22
9638426480;CLIP ARRET;22446X  01;ITW METAL FASTENERS S.L.U.;22446X  01;Espagne;ITW METAL FASTENERS S.L.U.;PENVEN CHRISTIAN;CJ6;1;Non traitée;03/11/15 07:00;10,5;;0;;0;;0;25272;-2792;25208;0;CJ6-1;;10/04/2000 02:00:00;;28000;0;39;0;N/A;N/A;N/A;N/A;N/A;N/A;720;M;2394;2388;28000;0;0;0;0;0;0;0;0;0;0;0;;;;23/10/2015 16:03:08
96384805XT;CONTACT HAUTEUR;93324N  01;DELPHI PACKARD ESPANA SL;93324N  01;Espagne;DELPHI PACKARD ESPANA SL;MORVAN GILLES;CJ6;1;Non traitée;05/11/15 12:04;12,5;;0;;0;;0;711;110;710;0;CJ6-1;;04/06/2007 02:00:00;;600;0;77;0;N/A;N/A;N/A;N/A;N/A;N/A;720;M;36;32;300;0;0;0;0;0;0;0;0;300;0;0;;;;23/10/2015 16:30:43
9639912980;SOUFFLET AMOR.AV;83503N  01;CONTITECH VIBRATION CONTROL GMBH;83503N  03;Allemagne;CONTITECH VIBRATION CONTROL GMBH;PENVEN CHRISTIAN;CJ6;1;Non traitée;17/11/15 11:06;24,5;;0;;0;10/11/2015 08:54:53;17,5;544;320;448;0;CJ6-1;;15/09/2003 02:00:00;;128;0;77;0;N/A;N/A;N/A;N/A;N/A;N/A;720;M;152;114;640;0;0;0;0;0;0;0;0;0;0;0;;;;23/10/2015 16:00:55
9640621580;SUPPORT PALIER G;A0069B  01;ANDERTON CASTINGS;A0069B  01;France;ANDERTON CASTINGS;MORVAN GILLES;CJ6;1;Non traitée;04/11/15 08:46;11,5;;0;;0;;0;49;-491;49;0;CJ6-1;;08/09/2003 02:00:00;;540;200;77;0;N/A;N/A;N/A;N/A;N/A;N/A;540;M;8;5;900;0;0;0;0;0;0;0;0;900;0;0;;;;23/10/2015 16:30:45
9640968080;DOUB.CAPOT D2;78470T  01;VOESTALPINE POLYNORM B.V.;78470T  01;Pays-Bas;VOESTALPINE POLYNORM B.V.;MORVAN GILLES;CJ2;1;Non traitée;03/11/15 14:36;10,5;;0;;0;;0;28;-81;9;0;CJ2-1;;30/06/2003 02:00:00;;90;0;77;0;N/A;N/A;N/A;N/A;N/A;N/A;720;M;0;8;220;0;0;0;0;0;0;0;0;220;0;0;;;;23/10/2015 16:30:59
9643774180;DETECT EAU;47621L  01;CEBI FRANCE;13736E  17;France;GEFCO FRANCE SAS;DEME CHRISTINE;CJ6;1;Non traitée;03/11/15 15:11;10,5;;0;;0;;0;238;11;236;0;CJ6-1;;30/09/2002 02:00:00;;225;0;0;0;N/A;N/A;N/A;N/A;N/A;N/A;600;M;8;8;225;0;0;0;0;0;0;0;0;0;0;0;;;;23/10/2015 16:04:01
9644333380;SUP BUT TALO ARG;78001H  S0;PEUGEOT CITROEN AUTOMOBILE SA;78001H  CA;France;PEUGEOT CITROEN AUTOMOBILE SA;DEME CHRISTINE;CJ2;1;Non traitée;03/11/15 14:58;10,5;;0;;0;09/11/2015 13:26:36;16,5;1704;354;1369;0;CJ2-1;;30/06/2003 02:00:00;;1015;0;20;0;N/A;N/A;N/A;N/A;N/A;N/A;300;M;364;365;3000;0;0;0;0;0;0;0;0;2000;0;0;;;;23/10/2015 16:31:03
9644996980;PEAU COFFRE D23;78470T  01;VOESTALPINE POLYNORM B.V.;78470T  01;Pays-Bas;VOESTALPINE POLYNORM B.V.;MORVAN GILLES;CJ2;1;Non traitée;03/11/15 14:36;10,5;;0;;0;;0;-1;-36;-1;0;CJ2-1;;30/06/2003 02:00:00;;35;0;77;0;N/A;N/A;N/A;N/A;N/A;N/A;720;M;0;2;92;0;0;0;0;0;0;0;0;92;0;0;;;;23/10/2015 16:05:50
9646825680;ECROU KP M10X150;34894C  01;LISI AUTOMOTIVE FORMER;34894C  01;France;LISI AUTOMOTIVE FORMER;MORVAN GILLES;CJ2;1;Non traitée;03/11/15 11:56;10,5;;0;;0;;0;33888;1620;31020;0;CJ2-1;;02/05/2005 02:00:00;;29400;0;20;0;N/A;N/A;N/A;N/A;N/A;N/A;660;M;2671;2680;14400;0;14400;0;0;0;0;0;0;0;0;0;;;;23/10/2015 16:05:57
9647021680;BIELLETTE ANTICO;11587U  01;TRELLEBORG MODYN;98078F  01;France;MAGASINAGE GESTION LOGISTIQUE;GAUTHER SYLVIE;CJ6;1;Non traitée;04/11/15 13:23;11,5;10/11/2015 12:33:51;17,5;;0;10/11/2015 12:33:51;17,5;48;19;45;0;CJ6-1;;29/09/2003 02:00:00;;26;0;77;0;N/A;N/A;N/A;N/A;N/A;N/A;240;M;12;11;130;0;0;0;0;0;0;0;0;130;0;0;;;;23/10/2015 16:31:00
9648042080;PONTET FIX EXT;99381X  01;SUD OUEST EMBOUTISSAGE;99381X  01;France;SUD OUEST EMBOUTISSAGE;MORVAN GILLES;CJ6;1;Non traitée;17/11/15 11:39;24,5;18/11/2015 10:45:43;25,5;;0;12/11/2015 07:04:03;19,5;2176;1630;1954;0;CJ6-1;;28/02/2005 01:00:00;;324;0;20;0;N/A;N/A;N/A;N/A;N/A;N/A;540;M;364;365;1620;0;0;0;0;0;0;0;0;0;0;0;;;;23/10/2015 16:05:41
9649311580;VIS FIX CONVERTI;63629L  12;AGRATI GIE;63095F  01;France;AGRATI VIEUX-CONDE SAS;HENRIO DOMINIQUE;CJ6;1;Non traitée;12/11/15 11:56;19,5;;0;;0;05/11/2015 13:51:37;12,5;2543;1211;2111;0;CJ6-1;;09/01/2003 01:00:00;;900;0;0;0;N/A;N/A;N/A;N/A;N/A;N/A;540;M;806;662;2700;0;0;0;0;0;0;0;0;0;0;0;;;;23/10/2015 16:02:17
9651817180;MICRO;79653D  01;PEIKER FRANCE SAS;A000NT  01;Allemagne;PEIKER ACUSTIC GMBH & CO. KG;GAUTIER CHRISTOPHE;CJ6;1;Non traitée;03/11/15 07:00;10,5;;0;;0;;0;161;-143;157;0;CJ6-1;02/11/2015;16/05/2005 02:00:00;;300;0;39;0;N/A;N/A;N/A;N/A;N/A;N/A;720;M;293;0;0;0;0;0;0;0;0;0;0;0;0;0;;;;23/10/2015 16:06:30
9654819580;H-P HIFI;27373C  01;PREMIUM SOUND SOLUTIONS BELGIUM NV;27373C  01;Belgique;PREMIUM SOUND SOLUTIONS BELGIUM NV;MORVAN GILLES;CJ6;1;Non traitée;03/11/15 07:19;10,5;;0;;0;;0;719;-205;695;0;CJ6-1;;04/06/2007 02:00:00;;900;0;77;0;N/A;N/A;N/A;N/A;N/A;N/A;600;M;26;29;300;0;0;0;0;0;0;0;0;0;0;0;;;;23/10/2015 16:05:39
9655184680;VIGNETTE TOTAL;83980G  01;ADHEX TECHNOLOGIES;83980G  01;France;ADHEX TECHNOLOGIES;PENVEN CHRISTIAN;CJ6;1;Non traitée;03/11/15 07:00;10,5;;0;;0;;0;17853;-2170;17830;0;CJ6-1;;17/12/2003 01:00:00;;20000;0;39;0;N/A;N/A;N/A;N/A;N/A;N/A;480;M;300;299;10000;0;0;0;0;0;0;0;0;0;0;0;;;;23/10/2015 16:08:22
96561744GW;BRIN ENROULEUR;94694C  01;TRW CARR SRO;94694C  03;Rép. tchèque;TRW CARR SRO;GAUTIER CHRISTOPHE;CJ6;1;Non traitée;04/11/15 11:28;11,5;;0;;0;10/11/2015 10:22:44;17,5;84;28;76;0;CJ6-1;;11/06/2007 02:00:00;;48;0;77;0;N/A;N/A;N/A;N/A;N/A;N/A;720;M;18;15;60;0;0;0;0;0;0;0;0;0;0;0;;;;23/10/2015 16:01:03
9656866580;PLATINE FIXATION;34894C  01;LISI AUTOMOTIVE FORMER;96859F  01;France;LISI AUTOMOTIVE RAPID;MORVAN GILLES;CJ6;1;Non traitée;03/11/15 07:13;10,5;;0;;0;;0;298;-7;293;0;CJ6-1;;27/04/2009 02:00:00;;300;0;77;0;N/A;N/A;N/A;N/A;N/A;N/A;420;M;17;17;0;0;0;0;0;0;0;0;0;0;0;0;;;;23/10/2015 16:09:35
9657189180;FEUTRINE ADHESIV;79173G  01;PULLFLEX S A;79173G  02;France;PULLFLEX S A;GAUTHER SYLVIE;CJ6;1;Non traitée;03/11/15 07:00;10,5;;0;;0;;0;81016;-23252;80488;0;CJ6-1;;03/06/2004 02:00:00;;103740;0;0;0;N/A;N/A;N/A;N/A;N/A;N/A;360;M;826;815;0;0;0;0;0;0;0;0;0;0;0;0;;;;23/10/2015 16:05:23
9659805980;LOG F ARD COF AR;71757W  01;SOC NOISEENNE D'OUTILLAGE DE PRESSE;71757W  04;France;SOC NOISEENNE DOUTILLAGE DE PRESSE;PENVEN CHRISTIAN;CJ2;1;Non traitée;03/11/15 07:18;10,5;;0;;0;;0;555;-78;522;0;CJ2-1;;09/07/2007 02:00:00;;600;0;77;0;N/A;N/A;N/A;N/A;N/A;N/A;600;M;27;32;300;0;0;0;0;0;0;0;0;0;0;0;;;;23/10/2015 16:06:30
9660492080;PROTECT.CONNECTI;91544D  01;LEAR AUTOMOTIVE SERVICES (NETHERLAN;13736E  43;France;GEFCO FRANCE SAS;GAUTHER SYLVIE;CJ6;1;Non traitée;03/11/15 10:14;10,5;;0;;0;;0;729;-71;729;0;CJ6-1;;16/05/2005 02:00:00;;800;0;0;0;N/A;N/A;N/A;N/A;N/A;N/A;120;M;2;5;0;0;0;0;0;0;0;0;0;0;0;0;;;;23/10/2015 16:03:05
9662391880;COSSE CB8L18P6;72389H  01;MECATRACTION;72389H  01;France;MECATRACTION;DEME CHRISTINE;CJ6;1;Non traitée;03/11/15 07:00;10,5;;0;;0;;0;9157;-361;9099;0;CJ6-1;;25/07/2011 02:00:00;;9460;0;0;0;N/A;N/A;N/A;N/A;N/A;N/A;540;M;415;319;5000;0;0;0;0;0;0;0;0;0;0;0;;;;23/10/2015 16:05:08
9662551480;SUPPORT CONTACT;71757W  01;SOC NOISEENNE D'OUTILLAGE DE PRESSE;71757W  05;France;SOC NOISEENNE D'OUTILLAGE DE PRESSE;PENVEN CHRISTIAN;CJ6;1;Non traitée;16/11/15 10:33;23,5;;0;;0;;0;635;234;634;0;CJ6-1;;16/07/2007 02:00:00;;400;0;77;0;N/A;N/A;N/A;N/A;N/A;N/A;660;M;52;58;200;0;0;0;0;0;0;0;0;0;0;0;;;;23/10/2015 16:10:21
9662661780;RENFORT SUPPORT;99381X  01;SUD OUEST EMBOUTISSAGE;99381X  01;France;SUD OUEST EMBOUTISSAGE;MORVAN GILLES;CJ2;1;Non traitée;17/11/15 07:51;24,5;;0;;0;;0;4027;2941;3692;0;CJ2-1;;18/06/2007 02:00:00;;751;0;20;0;N/A;N/A;N/A;N/A;N/A;N/A;540;M;364;365;0;0;0;0;0;0;0;0;0;0;0;0;;;;23/10/2015 16:03:13
9662955980;VIS M8X125;63629L  12;AGRATI GIE;63095F  01;France;AGRATI VIEUX-CONDE SAS;MORVAN GILLES;CJ2;1;Non traitée;03/11/15 07:04;10,5;03/11/2015 07:04:03;10,5;;0;03/11/2015 07:04:03;10,5;6797;-8483;-2843;0;CJ2-1;;04/06/2007 02:00:00;;5640;0;77;0;N/A;N/A;N/A;N/A;N/A;N/A;540;M;148;150;1200;0;0;0;0;0;0;0;0;0;0;0;;;;23/10/2015 16:04:45
9663655880;CAPTEUR ALARME A;94500S  01;DELPHI FRANCE SAS;94500S  10;France;DELPHI FRANCE SAS;GAUTHER SYLVIE;CJ6;1;Non traitée;04/11/15 12:21;11,5;;0;;0;;0;181;21;171;0;CJ6-1;;16/07/2007 02:00:00;;150;0;77;0;N/A;N/A;N/A;N/A;N/A;N/A;120;M;8;8;50;0;0;0;0;0;0;0;0;0;0;0;;;;23/10/2015 16:02:56
9664992680;SUPPORT CAPTEUR;17189H  01;SAVREUX CLAUSSE DECOUPAGE;17189H  01;France;SAVREUX CLAUSSE DECOUPAGE;PENVEN CHRISTIAN;CJ6;1;Non traitée;16/11/15 08:22;23,5;17/11/2015 10:28:09;24,5;;0;10/11/2015 09:25:58;17,5;1009;671;911;0;CJ6-1;;25/06/2009 02:00:00;;240;0;0;0;N/A;N/A;N/A;N/A;N/A;N/A;660;M;205;196;800;0;0;0;0;0;0;0;0;0;0;0;;;;23/10/2015 16:03:36
9665356480;AFFICHEUR VTH;84820V  01;VISTEON ELECTRONICS FRANCE;84820V  07;France;VISTEON ELECTRONICS FRANCE;DEME CHRISTINE;CJ6;1;Non traitée;03/11/15 14:26;10,5;;0;;0;04/11/2015 10:36:15;11,5;388;193;281;0;CJ6-1;01/02/2016;16/06/2010 02:00:00;;88;0;58;0;N/A;N/A;N/A;N/A;N/A;N/A;300;M;172;162;624;0;528;0;0;0;0;0;0;0;528;0;;;;23/10/2015 16:30:36
9670033580;PULSEUR REFROIDI;94403L  01;VALEO SYSTEMES THERMIQUES;94403L  05;France;VALEO SYSTEMES THERMIQUES;DEME CHRISTINE;CJ6;1;Non traitée;03/11/15 13:42;10,5;;0;;0;;0;53;10;46;0;CJ6-1;;18/10/2011 02:00:00;;36;0;0;0;N/A;N/A;N/A;N/A;N/A;N/A;360;M;11;11;90;0;0;0;0;0;0;0;0;0;0;0;;;;23/10/2015 16:04:16
96704241XT;CACH EMB G RETRO;22601R  01;MBP INDUSTRIE;22601R  01;France;MBP INDUSTRIE;DEME CHRISTINE;CJ6;1;Non traitée;10/11/15 14:11;17,5;;0;;0;;0;36;4;36;0;CJ6-1;01/05/2016;08/06/2010 02:00:00;;32;0;77;0;N/A;N/A;N/A;N/A;N/A;N/A;720;M;0;1;16;0;0;0;0;0;0;0;0;0;0;0;;;;23/10/2015 16:08:01
9671588080;ECROU H RPL;51562V  01;NEDSCHROEF FASTENERS SAS;51562V  04;France;NEDSCHROEF FASTENERS SAS;HENRIO DOMINIQUE;CJ6;1;Non traitée;04/11/15 15:07;11,5;;0;;0;;0;33221;7341;31341;0;CJ6-1;;22/03/2010 01:00:00;;24000;1240;20;0;N/A;N/A;N/A;N/A;N/A;N/A;420;M;3052;3077;32000;0;0;0;0;0;0;0;0;0;0;0;;;;23/10/2015 16:04:11
9672542580;CABLE MASSE;78001H  S0;PEUGEOT CITROEN AUTOMOBILE SA;78001H  SX;France;PEUGEOT CITROEN AUTOMOBILE SA;PENVEN CHRISTIAN;CJ6;1;Non traitée;18/11/15 12:04;25,5;;0;;0;;0;168;42;162;0;CJ6-1;;25/07/2011 02:00:00;;120;0;77;0;N/A;N/A;N/A;N/A;N/A;N/A;660;M;11;11;60;0;0;0;0;0;0;0;0;0;0;0;;;;23/10/2015 16:07:54
96731219ZE;ENJO POIG TIRAGE;70540Y  01;MECAPLAST DIFFUSION;28638C  12;France;MECAPLAST FRANCE;MORVAN GILLES;CJ6;1;Non traitée;04/11/15 12:28;11,5;;0;;0;;0;1027;324;1024;0;CJ6-1;;13/09/2010 02:00:00;;700;0;0;0;N/A;N/A;N/A;N/A;N/A;N/A;720;M;154;156;1050;0;0;0;0;0;0;0;0;350;0;0;;;;23/10/2015 16:30:58
9673270680;PLAQUETTE;71757W  01;SOC NOISEENNE D'OUTILLAGE DE PRESSE;71757W  05;France;SOC NOISEENNE D'OUTILLAGE DE PRESSE;PENVEN CHRISTIAN;CJ6;1;Non traitée;12/11/15 10:36;19,5;;0;;0;16/11/2015 10:22:44;23,5;5264;1696;4896;0;CJ6-1;;13/09/2010 02:00:00;;3200;0;58;0;N/A;N/A;N/A;N/A;N/A;N/A;660;M;614;621;2000;0;0;0;0;0;0;0;0;0;0;0;;;;23/10/2015 16:06:55
9673546580;CABLE LIAIS BATT;78001H  S0;PEUGEOT CITROEN AUTOMOBILE SA;78001H  SX;France;PEUGEOT CITROEN AUTOMOBILE SA;PENVEN CHRISTIAN;CJ6;1;Non traitée;16/11/15 13:59;23,5;;0;;0;16/11/2015 09:53:00;23,5;88;57;81;0;CJ6-1;;18/10/2011 02:00:00;;24;0;0;0;N/A;N/A;N/A;N/A;N/A;N/A;660;M;11;11;30;0;0;0;0;0;0;0;0;0;0;0;;;;23/10/2015 16:08:37
96735541BK;TOIT OUVRANT;51712H  01;WEBASTO SYSTEMES CARROSSERIE;51712H  01;France;WEBASTO SYSTEMES CARROSSERIE;DEME CHRISTINE;CJ6;1;Non traitée;09/11/15 12:58;16,5;;0;;0;;0;38;18;37;0;CJ6-1;;20/12/2010 01:00:00;;19;0;77;0;N/A;N/A;N/A;N/A;N/A;N/A;360;M;5;4;19;38;0;0;0;0;0;0;0;19;19;0;;;;23/10/2015 16:03:23
9674066480;TY.ALIM.CARB.CHA;78662B  01;MGI COUTIER;78662B  22;France;MGI COUTIER;DEME CHRISTINE;CJ6;1;Non traitée;16/11/15 11:47;23,5;;0;;0;;0;107;26;106;0;CJ6-1;;22/11/2010 01:00:00;;80;0;77;0;N/A;N/A;N/A;N/A;N/A;N/A;720;M;4;4;0;0;0;0;0;0;0;0;0;0;0;0;;;;23/10/2015 16:03:59
9674149280;SUPPORT PULSEUR;14681G  01;VOESTALPINE STAMPTEC FRANCE;14681G  01;France;VOESTALPINE STAMPTEC FRANCE;EVEILLARD ISABELLE;CJ6;1;Non traitée;03/11/15 11:53;10,5;;0;;0;05/11/2015 14:59:31;12,5;40;7;33;0;CJ6-1;;18/10/2011 02:00:00;;26;0;77;0;N/A;N/A;N/A;N/A;N/A;N/A;660;M;11;11;52;0;0;0;0;0;0;0;0;0;0;0;;;;23/10/2015 16:04:46
9675218280;FAISCEAU PAVILLO;81143Y  01;YAZAKI EUROPE LIMITED - PARIS;13736E  43;France;GEFCO FRANCE SAS;GAUTHER SYLVIE;CJ6;1;Non traitée;04/11/15 14:50;11,5;;0;;0;05/11/2015 09:54:37;12,5;307;217;253;0;CJ6-1;;22/03/2010 01:00:00;;36;0;0;0;N/A;N/A;N/A;N/A;N/A;N/A;120;M;92;97;180;360;0;0;0;0;0;0;0;0;360;0;;;;23/10/2015 16:30:54
9675218380;FAISCEAU PAVILLO;81143Y  01;YAZAKI EUROPE LIMITED - PARIS;13736E  43;France;GEFCO FRANCE SAS;GAUTHER SYLVIE;CJ6;1;Non traitée;04/11/15 14:23;11,5;;0;;0;05/11/2015 11:59:21;12,5;150;84;120;0;CJ6-1;;22/03/2010 01:00:00;;36;0;77;0;N/A;N/A;N/A;N/A;N/A;N/A;120;M;46;43;84;168;0;0;0;0;0;0;0;0;168;0;;;;23/10/2015 16:05:49
9675218680;FAISCEAU PAVILLO;81143Y  01;YAZAKI EUROPE LIMITED - PARIS;13736E  43;France;GEFCO FRANCE SAS;GAUTHER SYLVIE;CJ6;1;Non traitée;05/11/15 13:51;12,5;;0;;0;;0;99;47;83;0;CJ6-1;;22/03/2010 01:00:00;;36;0;77;0;N/A;N/A;N/A;N/A;N/A;N/A;120;M;20;22;36;96;0;0;0;0;0;0;0;0;96;0;;;;23/10/2015 16:30:52
9675218880;FAISCEAU PAVILLO;81143Y  01;YAZAKI EUROPE LIMITED - PARIS;13736E  43;France;GEFCO FRANCE SAS;GAUTHER SYLVIE;CJ6;1;Non traitée;05/11/15 14:51;12,5;;0;;0;09/11/2015 10:57:53;16,5;286;206;242;0;CJ6-1;;22/03/2010 01:00:00;;36;0;0;0;N/A;N/A;N/A;N/A;N/A;N/A;120;M;59;60;180;180;0;0;0;0;0;0;0;0;180;0;;;;23/10/2015 16:30:47
9675218980;FAISCEAU PAVILLO;81143Y  01;YAZAKI EUROPE LIMITED - PARIS;13736E  43;France;GEFCO FRANCE SAS;GAUTHER SYLVIE;CJ6;1;Non traitée;04/11/15 14:24;11,5;;0;;0;05/11/2015 07:16:37;12,5;222;141;177;0;CJ6-1;;22/03/2010 01:00:00;;36;0;77;0;N/A;N/A;N/A;N/A;N/A;N/A;120;M;73;66;156;300;0;0;0;0;0;0;0;0;300;0;;;;23/10/2015 16:04:38
9675289880;SPPRT INF D;87380C  01;STREIT MECANIQUE;87380C  01;France;STREIT MECANIQUE;EVEILLARD ISABELLE;CJ6;1;Non traitée;09/11/15 14:07;16,5;;0;;0;04/11/2015 14:39:33;11,5;318;153;243;0;CJ6-1;;08/07/2013 02:00:00;;90;0;77;0;N/A;N/A;N/A;N/A;N/A;N/A;660;M;128;105;456;0;0;0;0;0;0;0;0;0;0;0;;;;23/10/2015 16:02:58
96754328FC;DORMANT G;22423X  01;FAURECIA ASSENTOS DE AUTOMOVEL, LDA;72394N  01;France;CHRONO ROUTE BRETAGNE;DEME CHRISTINE;CJ6;1;Non traitée;04/11/15 11:42;11,5;;0;;0;;0;14;2;14;0;CJ6-1;01/05/2016;26/07/2010 02:00:00;;12;0;0;0;N/A;N/A;N/A;N/A;N/A;N/A;120;M;1;1;6;0;0;0;0;0;0;0;0;0;0;0;;;;23/10/2015 16:07:52
96754331FC;DORMANT DROIT;22423X  01;FAURECIA ASSENTOS DE AUTOMOVEL, LDA;72394N  01;France;CHRONO ROUTE BRETAGNE;DEME CHRISTINE;CJ6;1;Non traitée;04/11/15 11:42;11,5;;0;;0;;0;14;2;14;0;CJ6-1;01/05/2016;26/07/2010 02:00:00;;12;0;0;0;N/A;N/A;N/A;N/A;N/A;N/A;120;M;1;1;6;0;0;0;0;0;0;0;0;0;0;0;;;;23/10/2015 16:01:14
9675660680;DEMARREUR;23054H  01;ROBERT BOSCH GMBH;55044E  01;France;NORMATRANS;GAUTIER CHRISTOPHE;CJ6;1;Non traitée;04/11/15 07:02;11,5;;0;;0;05/11/2015 12:00:44;12,5;168;67;139;0;CJ6-1;;03/11/2014 01:00:00;;72;0;77;0;N/A;N/A;N/A;N/A;N/A;N/A;300;M;56;51;288;0;0;0;0;0;0;0;0;0;72;0;;;;23/10/2015 16:03:02
9676611480;SUPP.TY.EAU ENT.;17189H  01;SAVREUX CLAUSSE DECOUPAGE;17189H  01;France;SAVREUX CLAUSSE DECOUPAGE;PENVEN CHRISTIAN;CJ6;1;Non traitée;12/11/15 15:05;19,5;16/11/2015 14:24:41;23,5;;0;12/11/2015 07:13:30;19,5;1288;759;1159;0;CJ6-1;;27/05/2013 02:00:00;;400;0;0;0;N/A;N/A;N/A;N/A;N/A;N/A;660;M;208;211;600;0;0;0;0;0;0;0;0;0;0;0;;;;23/10/2015 16:08:33
9677276880;SUPPORT CANALISA;17189H  01;SAVREUX CLAUSSE DECOUPAGE;17189H  01;France;SAVREUX CLAUSSE DECOUPAGE;PENVEN CHRISTIAN;CJ6;1;Non traitée;13/11/15 10:18;20,5;;0;;0;;0;124;68;118;0;CJ6-1;;25/07/2011 02:00:00;;50;0;77;0;N/A;N/A;N/A;N/A;N/A;N/A;660;M;11;11;0;0;0;0;0;0;0;0;0;0;0;0;;;;23/10/2015 16:09:06
9677422280;SUPPORT CABLE +;17189H  01;SAVREUX CLAUSSE DECOUPAGE;17189H  01;France;SAVREUX CLAUSSE DECOUPAGE;PENVEN CHRISTIAN;CJ6;1;Non traitée;16/11/15 10:57;23,5;17/11/2015 07:32:26;24,5;;0;12/11/2015 08:48:07;19,5;654;524;584;0;CJ6-1;;08/07/2013 02:00:00;;60;0;77;0;N/A;N/A;N/A;N/A;N/A;N/A;660;M;128;105;300;0;0;0;0;0;0;0;0;0;0;0;;;;23/10/2015 16:03:41
9677422680;SUPPORT RELAIS;17189H  01;SAVREUX CLAUSSE DECOUPAGE;17189H  01;France;SAVREUX CLAUSSE DECOUPAGE;PENVEN CHRISTIAN;CJ6;1;Non traitée;13/11/15 11:18;20,5;16/11/2015 13:07:38;23,5;;0;10/11/2015 08:15:41;17,5;1092;717;957;0;CJ6-1;;13/05/2013 02:00:00;;240;0;0;0;N/A;N/A;N/A;N/A;N/A;N/A;660;M;194;203;720;0;0;0;0;0;0;0;0;0;0;0;;;;23/10/2015 16:01:56
9677711080;BERCEAU AV ENS;78001H  S0;PEUGEOT CITROEN AUTOMOBILE SA;78001H  CA;France;PEUGEOT CITROEN AUTOMOBILE SA;DEME CHRISTINE;CJ6;1;Non traitée;03/11/15 14:24;10,5;;0;;0;04/11/2015 14:40:54;11,5;29;11;23;0;CJ6-1;;18/01/2011 01:00:00;;12;0;77;0;N/A;N/A;N/A;N/A;N/A;N/A;300;M;11;11;48;0;0;0;0;0;0;0;0;12;0;0;;;;23/10/2015 16:31:01
9677774280;TY PRESSION FAP;98204T  01;CSF POLAND Sp. Z.o.o;13736E  43;France;GEFCO FRANCE SAS;DEME CHRISTINE;CJ6;1;Non traitée;03/11/15 15:04;10,5;;0;;0;05/11/2015 08:46:42;12,5;1046;440;840;0;CJ6-1;;13/05/2013 02:00:00;;400;0;0;0;N/A;N/A;N/A;N/A;N/A;N/A;120;M;312;317;900;1500;0;0;0;0;0;0;0;0;1500;0;;;;23/10/2015 16:31:00
9677774380;TY.PRESSION FAP;98204T  01;CSF POLAND Sp. Z.o.o;13736E  43;France;GEFCO FRANCE SAS;DEME CHRISTINE;CJ6;1;Non traitée;03/11/15 14:30;10,5;;0;;0;05/11/2015 07:56:49;12,5;1015;409;809;0;CJ6-1;;13/05/2013 02:00:00;;400;0;20;0;N/A;N/A;N/A;N/A;N/A;N/A;120;M;312;317;910;1430;0;0;0;0;0;0;0;0;1430;0;;;;23/10/2015 16:31:07
9678144980;SPT FSC MOTEUR;17189H  01;SAVREUX CLAUSSE DECOUPAGE;17189H  01;France;SAVREUX CLAUSSE DECOUPAGE;PENVEN CHRISTIAN;CJ6;1;Non traitée;17/11/15 08:18;24,5;17/11/2015 13:49:33;24,5;;0;12/11/2015 10:55:11;19,5;1348;1111;1251;0;CJ6-1;;27/05/2013 02:00:00;;140;0;0;0;N/A;N/A;N/A;N/A;N/A;N/A;660;M;208;211;700;0;0;0;0;0;0;0;0;0;0;0;;;;23/10/2015 16:04:56
9681706980;CLIP MAINT R4X7,;50558D  02;A. RAYMOND FRANCE;50558D  07;France;A. RAYMOND FRANCE;DEME CHRISTINE;CJ6;1;Non traitée;03/11/15 07:07;10,5;;0;;0;;0;33650;-525;33475;0;CJ6-1;;04/06/2007 02:00:00;;34000;0;77;0;N/A;N/A;N/A;N/A;N/A;N/A;720;M;320;328;17000;0;0;0;0;0;0;0;0;17000;0;0;;;;23/10/2015 16:30:37
96819443BJ;GARNIT.PAVILLON;94963V  01;GRUPO ANTOLIN-EUROTRIM, S.A.;13736E  43;France;GEFCO FRANCE SAS;GAUTHER SYLVIE;CJ6;1;Non traitée;05/11/15 14:34;12,5;;0;;0;09/11/2015 11:27:37;16,5;151;87;131;0;CJ6-1;;25/06/2007 02:00:00;;44;0;77;0;N/A;N/A;N/A;N/A;N/A;N/A;120;M;29;31;66;132;0;0;0;0;0;0;0;0;132;0;;;;23/10/2015 16:31:04
96819444BJ;GARNIT.PAVILLON;94963V  01;GRUPO ANTOLIN-EUROTRIM, S.A.;13736E  43;France;GEFCO FRANCE SAS;GAUTHER SYLVIE;CJ6;1;Non traitée;09/11/15 07:47;16,5;;0;;0;;0;76;25;69;0;CJ6-1;;25/06/2007 02:00:00;;44;0;77;0;N/A;N/A;N/A;N/A;N/A;N/A;120;M;7;7;0;44;0;0;0;0;0;0;0;0;44;0;;;;23/10/2015 16:30:39
9682229480;VIS R RCN M10;63629L  12;AGRATI GIE;63095F  01;France;AGRATI VIEUX-CONDE SAS;HENRIO DOMINIQUE;CJ6;1;Non traitée;12/11/15 13:59;19,5;;0;;0;09/11/2015 08:25:09;16,5;2776;2122;2572;0;CJ6-1;;02/10/2006 02:00:00;;450;0;20;0;N/A;N/A;N/A;N/A;N/A;N/A;540;M;727;729;2400;0;0;0;0;0;0;0;0;0;0;0;;;;23/10/2015 16:02:44
9682770180;TUBE REGULAV/SUP;22619K  01;CONTITECH ROMANIA SRL;13736E  84;France;GEFCO FRANCE SAS;GAUTIER CHRISTOPHE;CJ6;1;Non traitée;04/11/15 11:19;11,5;;0;;0;04/11/2015 13:06:17;11,5;163;110;125;0;CJ6-1;;04/06/2007 02:00:00;;15;0;77;0;N/A;N/A;N/A;N/A;N/A;N/A;420;M;59;55;450;0;0;0;0;0;0;0;0;315;0;0;;;;23/10/2015 16:30:51
9683212080;OBTURATEUR K 30;18488V  01;TRW CARR FRANCE;18488V  01;France;TRW CARR FRANCE;EVEILLARD ISABELLE;CJ2;1;Non traitée;03/11/15 07:00;10,5;;0;;0;;0;5308;-888;5144;0;CJ3-, CJ2-1;;05/12/2007 01:00:00;;6032;0;20;0;N/A;N/A;N/A;N/A;N/A;N/A;720;M;727;729;7440;0;0;0;0;0;0;0;0;0;0;0;;;;23/10/2015 16:07:33
9683420780;VIS CBLX 4,5X20;34894C  01;LISI AUTOMOTIVE FORMER;93769X  01;Espagne;LISI AUTOMOTIVE KNIPPING ESPANA, S.;MORVAN GILLES;CJ6;1;Non traitée;03/11/15 07:00;10,5;;0;;0;;0;42391;-1587;40913;0;CJ6-1;;11/05/2009 02:00:00;;42500;0;20;0;N/A;N/A;N/A;N/A;N/A;N/A;720;M;2305;2278;14000;0;0;0;0;0;0;0;0;0;0;0;;;;23/10/2015 16:11:09
9683488180;RESERVOIR LV;74913B  01;CONTINENTAL AUTOMOTIVE CZECH REPUBL;95788S  01;Belgique;ROCHLING AUTOMOTIVE GIJZEGEM;MORVAN GILLES;CJ6;1;Non traitée;04/11/15 13:07;11,5;;0;;0;05/11/2015 13:50:13;12,5;59;36;56;0;CJ6-1;;04/06/2007 02:00:00;;20;0;0;0;N/A;N/A;N/A;N/A;N/A;N/A;600;M;16;16;100;0;0;0;0;0;0;0;0;0;0;0;;;;23/10/2015 16:04:39
9683913980;VIS M12*125;63629L  12;AGRATI GIE;63095F  01;France;AGRATI VIEUX-CONDE SAS;HENRIO DOMINIQUE;CJ6;1;Non traitée;12/11/15 13:57;19,5;;0;;0;04/11/2015 14:28:44;11,5;619;379;499;0;CJ6-1;;19/02/2007 01:00:00;;120;0;77;0;N/A;N/A;N/A;N/A;N/A;N/A;540;M;269;224;960;0;0;0;0;0;0;0;0;0;0;0;;;;23/10/2015 16:01:25
9683980180;VIS M14*150;63629L  12;AGRATI GIE;63095F  01;France;AGRATI VIEUX-CONDE SAS;HENRIO DOMINIQUE;CJ6;1;Non traitée;12/11/15 13:06;19,5;;0;;0;05/11/2015 10:47:17;12,5;2417;1725;2065;0;CJ6-1;;02/03/2007 01:00:00;;340;0;20;0;N/A;N/A;N/A;N/A;N/A;N/A;540;M;727;729;2720;0;0;0;0;0;0;0;0;0;0;0;;;;23/10/2015 16:03:49
9684031380;VIS M12*175;63629L  12;AGRATI GIE;63095F  01;France;AGRATI VIEUX-CONDE SAS;HENRIO DOMINIQUE;CJ6;1;Non traitée;12/11/15 11:53;19,5;;0;;0;09/11/2015 12:28:27;16,5;8360;5296;7456;0;CJ6-1;;05/03/2007 01:00:00;;2160;0;0;0;N/A;N/A;N/A;N/A;N/A;N/A;540;M;1806;1846;5760;0;0;0;0;0;0;0;0;0;0;0;;;;23/10/2015 16:07:03
9684190180;AXE VIS RCL;12211X  01;ETS PERNAT EMILE SA;12211X  02;France;ETS PERNAT EMILE SA;MORVAN GILLES;CJ6;1;Non traitée;03/11/15 07:00;10,5;;0;;0;;0;8127;-2434;3060;0;CJ6-1, CJ2-;;03/11/2007 01:00:00;;5494;0;77;0;N/A;N/A;N/A;N/A;N/A;N/A;720;M;74;75;4050;0;0;0;0;0;0;0;0;0;0;0;;;;23/10/2015 16:01:59
9684541280;VIS H RCN;63629L  12;AGRATI GIE;63095F  01;France;AGRATI VIEUX-CONDE SAS;HENRIO DOMINIQUE;CJ6;1;Non traitée;12/11/15 15:05;19,5;;0;;0;12/11/2015 15:05:14;19,5;709;179;629;0;CJ6-1;;24/08/2009 02:00:00;;450;0;77;0;N/A;N/A;N/A;N/A;N/A;N/A;540;M;138;118;450;0;0;0;0;0;0;0;0;0;0;0;;;;23/10/2015 16:00:59
9685067680;VIS M8*125 L20;63629L  12;AGRATI GIE;63095F  01;France;AGRATI VIEUX-CONDE SAS;HENRIO DOMINIQUE;CJ6;1;Non traitée;12/11/15 10:32;19,5;;0;;0;;0;6044;4330;5830;0;CJ6-1;;05/06/2007 02:00:00;;1500;0;0;0;N/A;N/A;N/A;N/A;N/A;N/A;540;M;747;750;0;0;0;0;0;0;0;0;0;0;0;0;;;;23/10/2015 16:07:42
9685979680;SUP AV G TR AR;97990K  01;SOFEDIT;97990K  01;France;SOFEDIT;GAUTHER SYLVIE;CJ2;1;Non traitée;09/11/15 14:36;16,5;;0;;0;;0;2263;1201;1920;0;CJ2-1;;02/06/2008 02:00:00;;719;0;20;0;N/A;N/A;N/A;N/A;N/A;N/A;360;M;364;365;440;1980;0;0;0;0;0;0;0;220;1980;0;;;;23/10/2015 16:09:33
9686046080;ENJ SORT ECHAP D;94845S  01;EBERSPACHER SYSTEMES D'ECHAPPEMENT;94845S  01;France;EBERSPACHER SYSTEMES D'ECHAPPEMENT;HENRIO DOMINIQUE;CJ6;1;Non traitée;03/11/15 07:14;10,5;04/11/2015 11:27:37;11,5;;0;04/11/2015 11:27:37;11,5;52;-46;38;0;CJ6-1;;07/04/2015 02:00:00;;84;0;77;0;N/A;N/A;N/A;N/A;N/A;N/A;540;M;20;17;252;0;0;0;0;0;0;0;0;0;0;0;;;;23/10/2015 16:09:54
9686046180;ENJ SORT ECHAP G;94845S  01;EBERSPACHER SYSTEMES D'ECHAPPEMENT;94845S  01;France;EBERSPACHER SYSTEMES D'ECHAPPEMENT;HENRIO DOMINIQUE;CJ6;1;Non traitée;03/11/15 07:14;10,5;04/11/2015 11:27:37;11,5;;0;04/11/2015 11:27:37;11,5;52;-46;38;0;CJ6-1;;07/04/2015 02:00:00;;84;0;0;0;N/A;N/A;N/A;N/A;N/A;N/A;540;M;20;17;252;0;0;0;0;0;0;0;0;0;0;0;;;;23/10/2015 16:07:41
96864425ZE;GARN COUVERCLE;A002IV  01;FAURECIA INTERIEUR SAINT QUENTIN;A002IV  02;France;FAURECIA INTERIEUR SAINT QUENTIN;MORVAN GILLES;CJ6;1;Non traitée;04/11/15 14:04;11,5;;0;;0;04/11/2015 14:04:25;11,5;324;227;317;0;CJ6-1;;07/04/2010 02:00:00;;90;0;58;0;N/A;N/A;N/A;N/A;N/A;N/A;480;M;146;144;810;0;0;0;0;0;0;0;0;180;0;0;;;;23/10/2015 16:08:19
9686495280;FILM ADHESIF D40;83980G  01;ADHEX TECHNOLOGIES;83980G  01;France;ADHEX TECHNOLOGIES;EVEILLARD ISABELLE;CJ6;1;Non traitée;03/11/15 07:00;10,5;;0;;0;;0;427132;-78277;188390;0;CJ6-1, CJ3-1;;15/01/2008 01:00:00;;280000;0;0;0;N/A;N/A;N/A;N/A;N/A;N/A;480;M;15326;15357;80000;0;80000;0;0;0;0;0;0;0;0;0;;;;23/10/2015 16:30:55
96869247ZD;CLOISON BTE RGT;A002IV  01;FAURECIA INTERIEUR SAINT QUENTIN;A002IV  02;France;FAURECIA INTERIEUR SAINT QUENTIN;MORVAN GILLES;CJ6;1;Non traitée;03/11/15 07:03;10,5;;0;;0;;0;46;-48;44;0;CJ6-1;19/10/2015;17/03/2008 01:00:00;;92;0;77;0;N/A;N/A;N/A;N/A;N/A;N/A;480;M;17;0;0;0;0;0;0;0;0;0;0;0;0;0;;;;23/10/2015 16:05:35
9687183480;VIS H RPL M6X100;63629L  12;AGRATI GIE;63095F  01;France;AGRATI VIEUX-CONDE SAS;HENRIO DOMINIQUE;CJ6;1;Non traitée;12/11/15 12:41;19,5;;0;;0;;0;10612;1408;10408;0;CJ6-1;;08/10/2009 02:00:00;;9000;0;20;0;N/A;N/A;N/A;N/A;N/A;N/A;540;M;727;729;3000;0;0;0;0;0;0;0;0;0;0;0;;;;23/10/2015 16:07:21
9687218280;SUPP. AV G INSON;25813G  01;COOPER STANDARD FRANCE;25813G  01;France;COOPER STANDARD FRANCE;DEME CHRISTINE;CJ6;1;Non traitée;03/11/15 14:39;10,5;;0;;0;;0;696;119;619;0;CJ6-1;;16/06/2010 02:00:00;;500;0;77;0;N/A;N/A;N/A;N/A;N/A;N/A;120;M;94;123;650;0;0;0;0;0;0;0;0;0;0;0;;;;23/10/2015 16:01:46
9687223680;VITRE PAVILLON;86713C  01;PILKINGTON AUTOMOTIVE LTD;22520C  02;France;GEODIS AUTOMOTIVE;GAUTHER SYLVIE;CJ6;1;Non traitée;05/11/15 08:27;12,5;;0;;0;04/11/2015 11:49:15;11,5;329;219;262;0;CJ6-1;;25/05/2010 02:00:00;;43;0;0;0;N/A;N/A;N/A;N/A;N/A;N/A;420;M;133;129;903;946;0;0;0;0;0;0;0;0;1032;0;;;;23/10/2015 16:31:09
96872967XT;FER.ENJ.JET EAUD;69872X  01;MAIER SDAD COOP.;69872X  01;Espagne;MAIER SDAD COOP.;MORVAN GILLES;CJ6;1;Non traitée;03/11/15 08:00;10,5;;0;;0;04/11/2015 13:06:17;11,5;172;10;138;0;CJ6-1;;28/06/2010 02:00:00;;128;0;77;0;N/A;N/A;N/A;N/A;N/A;N/A;720;M;64;66;512;0;0;0;0;0;0;0;0;0;0;0;;;;23/10/2015 16:10:40
9687386880;FAISCEAU MOTVENT;18833V  01;LEONI WIRING SYSTEMS FRANCE;13736E  43;France;GEFCO FRANCE SAS;GAUTHER SYLVIE;CJ6;1;Non traitée;09/11/15 14:51;16,5;;0;;0;09/11/2015 14:51:43;16,5;1148;520;1000;0;CJ6-1;;11/05/2009 02:00:00;;480;0;39;0;N/A;N/A;N/A;N/A;N/A;N/A;120;M;225;230;480;1000;0;0;0;0;0;0;0;0;1000;0;;;;23/10/2015 16:07:10
9687459480;I.G.AILE ARG X73;87598P  01;L & L PRODUCTS EUROPE SAS;95940G  01;France;TB PLAST;PENVEN CHRISTIAN;CJ2;1;Non traitée;16/11/15 12:44;23,5;;0;;0;;0;491;214;473;0;CJ2-1;;25/03/2008 01:00:00;;259;0;77;0;N/A;N/A;N/A;N/A;N/A;N/A;660;M;27;29;0;0;0;0;0;0;0;0;0;0;0;0;;;;23/10/2015 16:04:26
9687603180;RESERVOIR LV ASS;94869T  01;CEBI Luxembourg SA;94869T  01;Luxembourg;CEBI Luxembourg SA;GAUTHER SYLVIE;CJ6;1;Non traitée;05/11/15 12:43;12,5;;0;;0;10/11/2015 09:01:38;17,5;78;46;74;0;CJ6-1;;08/06/2010 02:00:00;;28;0;77;0;N/A;N/A;N/A;N/A;N/A;N/A;660;M;16;19;56;0;0;0;0;0;0;0;0;0;0;0;;;;23/10/2015 16:02:30
9688113780;SUPPORT FSC PPL;14681G  01;VOESTALPINE STAMPTEC FRANCE;14681G  01;France;VOESTALPINE STAMPTEC FRANCE;EVEILLARD ISABELLE;CJ6;1;Non traitée;03/11/15 07:21;10,5;;0;;0;;0;351;-50;350;0;CJ6-1;;11/05/2009 02:00:00;;400;0;77;0;N/A;N/A;N/A;N/A;N/A;N/A;660;M;8;8;0;0;0;0;0;0;0;0;0;0;0;0;;;;23/10/2015 16:03:42
968822991S;ENJ.LAT D MOKA;60116T  01;DECOMA (GERMANY) GMBH;96108P  01;Allemagne;SPEDITION ENKLER GMBH;GAUTIER CHRISTOPHE;CJ6;1;Non traitée;03/11/15 07:24;10,5;03/11/2015 07:24:24;10,5;;0;03/11/2015 07:24:24;10,5;0;-7;-1;0;CJ6-1;;07/04/2015 02:00:00;;6;0;77;0;N/A;N/A;N/A;N/A;N/A;N/A;660;M;4;3;42;0;0;0;0;0;0;0;0;24;0;0;;;;23/10/2015 16:30:52
968823001S;ENJ.LAT G MOKA;60116T  01;DECOMA (GERMANY) GMBH;96108P  01;Allemagne;SPEDITION ENKLER GMBH;GAUTIER CHRISTOPHE;CJ6;1;Non traitée;03/11/15 07:24;10,5;03/11/2015 07:24:24;10,5;;0;03/11/2015 07:24:24;10,5;-7;-14;-8;0;CJ6-1;;07/04/2015 02:00:00;;6;0;77;0;N/A;N/A;N/A;N/A;N/A;N/A;660;M;4;3;48;0;0;0;0;0;0;0;0;36;0;0;;;;23/10/2015 16:04:37
9688465880;FX CABLE ANTENNE;98096A  01;FIAMM AUTOMOTIVE CZECH a.s;98096A  01;Rép. tchèque;FIAMM AUTOMOTIVE CZECH a.s;GAUTIER CHRISTOPHE;CJ6;1;Non traitée;09/11/15 08:10;16,5;;0;;0;;0;75;26;66;0;CJ6-1;;05/05/2014 02:00:00;;40;0;77;0;N/A;N/A;N/A;N/A;N/A;N/A;720;M;4;11;60;0;0;0;0;0;0;0;0;0;0;0;;;;23/10/2015 16:09:39
9801038680;SPT CABLE BATTER;17189H  01;SAVREUX CLAUSSE DECOUPAGE;17189H  01;France;SAVREUX CLAUSSE DECOUPAGE;PENVEN CHRISTIAN;CJ6;1;Non traitée;16/11/15 10:51;23,5;;0;;0;12/11/2015 11:39:47;19,5;380;160;360;0;CJ6-1;;07/04/2015 02:00:00;;200;0;77;0;N/A;N/A;N/A;N/A;N/A;N/A;660;M;49;56;300;0;0;0;0;0;0;0;0;0;0;0;;;;23/10/2015 16:06:51
9801039280;SPT BICD;17189H  01;SAVREUX CLAUSSE DECOUPAGE;17189H  01;France;SAVREUX CLAUSSE DECOUPAGE;PENVEN CHRISTIAN;CJ6;1;Non traitée;12/11/15 08:23;19,5;13/11/2015 13:06:17;20,5;;0;12/11/2015 08:23:48;19,5;349;207;307;0;CJ6-1;;10/02/2014 01:00:00;;100;0;77;0;N/A;N/A;N/A;N/A;N/A;N/A;660;M;68;61;100;0;0;0;0;0;0;0;0;0;0;0;;;;23/10/2015 16:08:47
9801468980;CABLE ANTENNE;52520L  02;ASSOCIATION BRETAGNE ATELIERS;52520L  02;France;ASSOCIATION BRETAGNE ATELIERS;DEME CHRISTINE;CJ6;1;Non traitée;03/11/15 12:49;10,5;;0;;0;;0;20;1;19;0;CJ6-1;;03/01/2012 01:00:00;;18;0;77;0;N/A;N/A;N/A;N/A;N/A;N/A;120;M;1;3;6;0;0;0;0;0;0;0;0;0;0;0;;;;23/10/2015 16:07:27
9801469080;CABLE ANTENNE;52520L  02;ASSOCIATION BRETAGNE ATELIERS;52520L  02;France;ASSOCIATION BRETAGNE ATELIERS;DEME CHRISTINE;CJ6;1;Non traitée;03/11/15 07:13;10,5;;0;;0;;0;19;0;18;0;CJ6-1;;02/01/2012 01:00:00;;18;0;77;0;N/A;N/A;N/A;N/A;N/A;N/A;120;M;1;2;0;0;0;0;0;0;0;0;0;0;0;0;;;;23/10/2015 16:06:22
98022620XT;JEU CAB VIS ROUE;48985U  01;BOURBON AUTOMOTIVE PLASTICS;A000PP  01;France;BOURBON AUTOMOTIVE PLASTICS Morteau;EVEILLARD ISABELLE;CJ6;1;Non traitée;03/11/15 10:31;10,5;;0;;0;;0;314;29;314;0;CJ6-1;;01/01/2012 01:00:00;;285;0;0;0;N/A;N/A;N/A;N/A;N/A;N/A;660;M;45;40;190;0;0;0;0;0;0;0;0;0;0;0;;;;23/10/2015 16:05:56
9802763880;INJECTEUR LIQUID;81145A  01;CONTINENTAL AUTOMOTIVE FRANCE SAS;81145A  04;France;CONTINENTAL AUTOMOTIVE FRANCE SAS;HENRIO DOMINIQUE;CJ6;1;Non traitée;10/11/15 09:51;17,5;;0;;0;;0;36447;33061;36381;0;CJ6-1;;03/11/2014 01:00:00;;3320;0;77;0;N/A;N/A;N/A;N/A;N/A;N/A;660;M;6719;4878;0;24300;8100;0;0;0;0;0;0;0;32400;0;;;;23/10/2015 16:30:40
98027680XT;PLAFONNIER;87657D  01;GRUPO ANTOLIN BESANCON;87657D  03;France;GRUPO ANTOLIN BESANCON;EVEILLARD ISABELLE;CJ6;1;Non traitée;04/11/15 09:15;11,5;;0;;0;05/11/2015 07:26:19;12,5;153;104;152;0;CJ6-1;;06/02/2012 01:00:00;;48;0;77;0;N/A;N/A;N/A;N/A;N/A;N/A;660;M;69;65;384;0;0;0;0;0;0;0;0;80;0;0;;;;23/10/2015 16:30:44
98029301GW;BRIN ENOUL C-S;94694C  01;TRW CARR SRO;94694C  03;Rép. tchèque;TRW CARR SRO;GAUTIER CHRISTOPHE;CJ6;1;Non traitée;04/11/15 14:39;11,5;;0;;0;09/11/2015 13:31:58;16,5;37;18;34;0;CJ6-1;;03/09/2012 02:00:00;;16;0;77;0;N/A;N/A;N/A;N/A;N/A;N/A;720;M;9;8;32;0;0;0;0;0;0;0;0;0;0;0;;;;23/10/2015 16:05:39
9802985280;AIRBAG LAT PAV;50871U  01;AUTOLIV FRANCE;50871U  02;France;AUTOLIV FRANCE;DEME CHRISTINE;CJ6;1;Non traitée;03/11/15 13:49;10,5;;0;;0;04/11/2015 08:58:56;11,5;663;342;486;0;CJ6-1;;03/09/2012 02:00:00;;144;288;39;0;N/A;N/A;N/A;N/A;N/A;N/A;420;M;300;299;1872;0;0;0;0;0;0;0;0;432;0;0;;;;23/10/2015 16:01:58
98030608ZE;PDB DAD SS VTH;48837H  S0;FAURECIA INTERIEUR INDUSTRIE;48837H  03;France;FAURECIA INTERIEUR INDUSTRIE;SOUFFLET BRUNO;CJ6;1;Non traitée;04/11/15 14:42;11,5;;0;;0;03/11/2015 14:55:24;10,5;34;20;28;0;CJ6-1;;03/09/2012 02:00:00;;8;0;77;0;N/A;N/A;N/A;N/A;N/A;N/A;240;M;4;17;104;0;0;0;0;0;0;0;0;64;0;0;;;;23/10/2015 16:30:56
9803442580;SPT FSC MOTEUR;17189H  01;SAVREUX CLAUSSE DECOUPAGE;17189H  01;France;SAVREUX CLAUSSE DECOUPAGE;PENVEN CHRISTIAN;CJ6;1;Non traitée;13/11/15 08:56;20,5;16/11/2015 07:50:00;23,5;;0;10/11/2015 14:46:19;17,5;620;488;578;0;CJ6-1;;03/11/2014 01:00:00;;90;0;77;0;N/A;N/A;N/A;N/A;N/A;N/A;660;M;104;106;225;0;0;0;0;0;0;0;0;0;0;0;;;;23/10/2015 16:08:47
9804333880;SUPPORT ALTERNAT;29079G  01;EUROCAST REYRIEUX;29079G  02;France;EUROCAST REYRIEUX;HENRIO DOMINIQUE;CJ6;1;Non traitée;04/11/15 14:20;11,5;;0;;0;05/11/2015 10:51:26;12,5;210;139;175;0;CJ6-1;;07/04/2015 02:00:00;;36;0;77;0;N/A;N/A;N/A;N/A;N/A;N/A;600;M;49;56;480;0;0;0;0;0;0;0;0;0;0;0;;;;23/10/2015 16:03:50
9805086480;TRANSMISSION AVD;78001H  S0;PEUGEOT CITROEN AUTOMOBILE SA;78001H  CA;France;PEUGEOT CITROEN AUTOMOBILE SA;DEME CHRISTINE;CJ6;1;Non traitée;03/11/15 12:14;10,5;;0;;0;04/11/2015 14:24:41;11,5;125;36;99;0;CJ6-1;;16/09/2013 02:00:00;;63;0;77;0;N/A;N/A;N/A;N/A;N/A;N/A;300;M;71;47;252;0;0;0;0;0;0;0;0;63;0;0;;;;23/10/2015 16:30:53
98053042ZD;BLOC COMMUT;98748J  01;MARQUARDT FRANCE;99483H  01;Allemagne;MARQUARDT GMBH;GAUTIER CHRISTOPHE;CJ6;1;Non traitée;04/11/15 13:48;11,5;18/11/2015 10:06:31;25,5;;0;18/11/2015 10:06:31;25,5;232;44;224;0;CJ6-1;;21/01/2013 01:00:00;;180;0;0;0;N/A;N/A;N/A;N/A;N/A;N/A;720;M;28;25;320;0;0;0;0;0;0;0;0;320;0;0;;;;23/10/2015 16:30:45
9807242980;FEU AR G DAD;28915D  01;KOITO EUROPE LTD;28915D  01;Grande Bretagne;KOITO EUROPE LTD;MORVAN GILLES;CJ6;1;Non traitée;04/11/15 10:59;11,5;;0;;0;;0;75;32;64;0;CJ6-1;;05/05/2014 02:00:00;;32;0;77;0;N/A;N/A;N/A;N/A;N/A;N/A;540;M;10;16;48;0;0;0;0;0;0;0;0;0;0;0;;;;23/10/2015 16:01:02
9807709080;BICD;94676H  01;VALEO SYSTEMES DE CONTROLE MOTEUR;94676H  03;France;VALEO SYSTEMES DE CONTROLE MOTEUR;DEME CHRISTINE;CJ6;1;Non traitée;05/11/15 10:58;12,5;;0;;0;;0;87;22;76;0;CJ6-1;;10/02/2014 01:00:00;;54;0;0;0;N/A;N/A;N/A;N/A;N/A;N/A;300;M;12;11;18;0;0;0;0;0;0;0;0;0;0;0;;;;23/10/2015 16:01:36
98083140EH;VOLET AR ASS;56903A  01;PLASTIC OMNIUM COMPOSITES;56903A  12;France;PLASTIC OMNIUM COMPOSITES;GAUTIER CHRISTOPHE;CJ6;1;Non traitée;10/11/15 11:03;17,5;;0;;0;05/11/2015 13:22:30;12,5;77;45;65;0;CJ6-1;;26/08/2013 02:00:00;;20;0;0;0;N/A;N/A;N/A;N/A;N/A;N/A;720;M;15;17;200;0;0;0;0;0;0;0;0;140;0;0;;;;23/10/2015 16:30:55
98083140K2;VOLET AR ASS;56903A  01;PLASTIC OMNIUM COMPOSITES;56903A  12;France;PLASTIC OMNIUM COMPOSITES;GAUTIER CHRISTOPHE;CJ6;1;Non traitée;04/11/15 14:43;11,5;;0;;0;;0;31;10;30;0;CJ6-1;01/05/2016;26/08/2013 02:00:00;;20;0;0;0;N/A;N/A;N/A;N/A;N/A;N/A;720;M;5;6;70;0;0;0;0;0;0;0;0;50;0;0;;;;23/10/2015 16:06:00
980831439P;VOLET AR SHARK;56903A  01;PLASTIC OMNIUM COMPOSITES;56903A  12;France;PLASTIC OMNIUM COMPOSITES;GAUTIER CHRISTOPHE;CJ6;1;Non traitée;05/11/15 13:00;12,5;;0;;0;;0;13;3;13;0;CJ6-1;01/05/2016;02/06/2014 02:00:00;;10;0;0;0;N/A;N/A;N/A;N/A;N/A;N/A;720;M;4;2;20;0;0;0;0;0;0;0;0;20;0;0;;;;23/10/2015 16:09:45
98083143EH;VOLET AR ASS;56903A  01;PLASTIC OMNIUM COMPOSITES;56903A  12;France;PLASTIC OMNIUM COMPOSITES;GAUTIER CHRISTOPHE;CJ6;1;Non traitée;05/11/15 12:28;12,5;;0;;0;05/11/2015 12:28:27;12,5;36;11;31;0;CJ6-1;;26/08/2013 02:00:00;;20;0;77;0;N/A;N/A;N/A;N/A;N/A;N/A;720;M;9;10;120;0;0;0;0;0;0;0;0;80;0;0;;;;23/10/2015 16:31:10
98083143K2;VOLET AR ASS;56903A  01;PLASTIC OMNIUM COMPOSITES;56903A  12;France;PLASTIC OMNIUM COMPOSITES;GAUTIER CHRISTOPHE;CJ6;1;Non traitée;04/11/15 08:11;11,5;;0;;0;;0;28;8;28;0;CJ6-1;01/05/2016;26/08/2013 02:00:00;;20;0;77;0;N/A;N/A;N/A;N/A;N/A;N/A;720;M;2;3;40;0;0;0;0;0;0;0;0;30;0;0;;;;23/10/2015 16:31:05
98083143N9;VOLET AR ASS;56903A  01;PLASTIC OMNIUM COMPOSITES;56903A  12;France;PLASTIC OMNIUM COMPOSITES;GAUTIER CHRISTOPHE;CJ6;1;Non traitée;04/11/15 11:18;11,5;;0;;0;05/11/2015 09:31:03;12,5;49;22;42;0;CJ6-1;;26/08/2013 02:00:00;;20;0;77;0;N/A;N/A;N/A;N/A;N/A;N/A;720;M;16;15;180;0;0;0;0;0;0;0;0;130;0;0;;;;23/10/2015 16:30:39
98083143T4;VOLET AR ASS;56903A  01;PLASTIC OMNIUM COMPOSITES;56903A  12;France;PLASTIC OMNIUM COMPOSITES;GAUTIER CHRISTOPHE;CJ6;1;Non traitée;05/11/15 11:23;12,5;;0;;0;;0;14;3;13;0;CJ6-1;;26/08/2013 02:00:00;;10;0;77;0;N/A;N/A;N/A;N/A;N/A;N/A;720;M;2;2;20;0;0;0;0;0;0;0;0;20;0;0;;;;23/10/2015 16:30:43
98083143WP;VOLET AR ASS;56903A  01;PLASTIC OMNIUM COMPOSITES;56903A  12;France;PLASTIC OMNIUM COMPOSITES;GAUTIER CHRISTOPHE;CJ6;1;Non traitée;04/11/15 13:45;11,5;;0;;0;;0;19;5;15;0;CJ6-1;;26/08/2013 02:00:00;;10;0;77;0;N/A;N/A;N/A;N/A;N/A;N/A;720;M;5;4;50;0;0;0;0;0;0;0;0;40;0;0;;;;23/10/2015 16:30:56
9808515080;SUPPORT COMPRESS;27942W  01;EUROCAST BRIVE;27942W  01;France;EUROCAST BRIVE;DEME CHRISTINE;CJ6;1;Non traitée;13/11/15 10:56;20,5;;0;;0;17/11/2015 13:27:55;24,5;101;31;91;0;CJ6-1;;07/04/2014 02:00:00;;60;0;77;0;N/A;N/A;N/A;N/A;N/A;N/A;540;M;12;11;30;0;0;0;0;0;0;0;0;0;0;0;;;;23/10/2015 16:09:27
98091749ZD;JEU SURTAPIS DC5;48837H  S0;FAURECIA INTERIEUR INDUSTRIE;48837H  36;France;FAURECIA INTERIEUR INDUSTRIE;GAUTHER SYLVIE;CJ6;1;Non traitée;03/11/15 07:07;10,5;;0;;0;;0;50;0;50;0;CJ6-1;01/11/2015;19/12/2013 01:00:00;;50;0;77;0;N/A;N/A;N/A;N/A;N/A;N/A;120;M;7;0;0;0;0;0;0;0;0;0;0;0;0;0;;;;23/10/2015 16:07:50
9809478580;CMM DV6FX C54C;23054H  01;ROBERT BOSCH GMBH;55044E  01;France;NORMATRANS;GAUTIER CHRISTOPHE;CJ6;1;Non traitée;03/11/15 07:00;10,5;;0;;0;;0;16;-3;11;0;CJ6-1;02/11/2015;03/11/2014 01:00:00;;14;0;77;0;N/A;N/A;N/A;N/A;N/A;N/A;300;M;56;0;0;0;0;0;0;0;0;0;0;0;0;0;;;;23/10/2015 16:00:53
9810493180;EMBASE ANTENNE;51219X  01;HIRSCHMANN CAR COMMUNICATION GMBH;96014M  03;Rép. tchèque;GEFCO CESKA REPUBLIKA SRO;EVEILLARD ISABELLE;CJ6;1;Non traitée;03/11/15 07:59;10,5;;0;;0;;0;40;0;40;0;CJ6-1;;07/04/2015 02:00:00;;40;0;77;0;N/A;N/A;N/A;N/A;N/A;N/A;720;M;2;2;0;0;0;0;0;0;0;0;0;0;0;0;;;;23/10/2015 16:08:53
9811199080;CABLE ANTENNE;52520L  02;ASSOCIATION BRETAGNE ATELIERS;52520L  02;France;ASSOCIATION BRETAGNE ATELIERS;HENRIO DOMINIQUE;CJ6;1;Non traitée;03/11/15 07:46;10,5;;0;;0;;0;7;-5;7;0;CJ6-1;;07/04/2015 02:00:00;;12;0;77;0;N/A;N/A;N/A;N/A;N/A;N/A;120;M;2;2;12;0;0;0;0;0;0;0;0;0;0;0;;;;23/10/2015 16:02:08
9811787380;MOT DV6FC 10JBHC;78001H  S0;PEUGEOT CITROEN AUTOMOBILE SA;78001H  MY;France;PEUGEOT CITROEN AUTOMOBILE SA;MORVAN GILLES;CJ6;1;Non traitée;03/11/15 15:09;10,5;;0;;0;04/11/2015 07:52:42;11,5;127;80;86;0;CJ6-1;01/05/2016;07/04/2015 02:00:00;;6;0;77;0;N/A;N/A;N/A;N/A;N/A;N/A;600;M;49;56;318;0;0;0;0;0;0;0;0;0;0;0;;;;23/10/2015 16:07:51
9812189980;BOITIER BSI;84820V  01;VISTEON ELECTRONICS FRANCE;84820V  07;France;VISTEON ELECTRONICS FRANCE;GAUTIER CHRISTOPHE;CJ6;1;Non traitée;03/11/15 14:29;10,5;;0;;0;05/11/2015 12:28:27;12,5;191;72;163;0;CJ6-1;;07/04/2015 02:00:00;;91;0;0;0;N/A;N/A;N/A;N/A;N/A;N/A;300;M;57;58;221;0;0;0;0;0;0;0;0;0;0;0;;;;23/10/2015 16:05:54
9813825280;INJ LIQ SCR ENS;52520L  02;ASSOCIATION BRETAGNE ATELIERS;52520L  02;France;ASSOCIATION BRETAGNE ATELIERS;HENRIO DOMINIQUE;CJ6;1;Non traitée;03/11/15 07:00;10,5;03/11/2015 07:00:00;10,5;;0;03/11/2015 07:00:00;10,5;1136;2040;1080;1136;CJ6-1;;12/03/2015 01:00:00;;60;0;77;0;N/A;N/A;N/A;N/A;N/A;N/A;120;M;104;106;26700;0;0;0;0;0;0;0;60;0;20580;0;;;;23/10/2015 16:01:44
9814196780;SMEG +IV2;18770B  01;MAGNETI MARELLI FRANCE S.A.S.;65906L  01;France;TRANSPORTS CHAVENEAU BERNIS;GAUTIER CHRISTOPHE;CJ6;1;Non traitée;03/11/15 07:11;10,5;;0;;0;;0;16;1;13;0;CJ6-1;02/11/2015;07/04/2015 02:00:00;;12;0;77;0;N/A;N/A;N/A;N/A;N/A;N/A;360;M;54;0;0;0;0;0;0;0;0;0;0;0;0;0;;;;23/10/2015 16:06:05
9814196880;SMEG +IV2;18770B  01;MAGNETI MARELLI FRANCE S.A.S.;65906L  01;France;TRANSPORTS CHAVENEAU BERNIS;GAUTIER CHRISTOPHE;CJ6;1;Non traitée;03/11/15 07:16;10,5;;0;;0;;0;5;-7;5;0;CJ6-1;02/11/2015;07/04/2015 02:00:00;;12;0;77;0;N/A;N/A;N/A;N/A;N/A;N/A;360;M;8;0;0;0;0;0;0;0;0;0;0;0;0;0;;;;23/10/2015 16:08:42
9814766980;COMBIN{ PDB;27624A  01;MAGNETI MARELLI SLOVAKIA S.R.O.;72572G  06;France;GEODIS AUTOMOTIVE EST;GAUTIER CHRISTOPHE;CJ6;1;Non traitée;04/11/15 09:43;11,5;04/11/2015 09:43:32;11,5;;0;04/11/2015 09:43:32;11,5;0;0;0;0;CJ6-1;;31/08/2015 02:00:00;;0;0;77;0;N/A;N/A;N/A;N/A;N/A;N/A;720;M;0;1;9;0;0;0;0;0;0;0;0;9;0;0;;;;23/10/2015 16:31:05
T532544503;RUBAN ADHESIF;28079V  01;GROUPE SCAPA FRANCE;28079V  01;France;GROUPE SCAPA FRANCE;MORVAN GILLES;CJ6;1;Non traitée;03/11/15 07:14;10,5;;0;;0;;0;1633,18;-85,23;1164,77;0;CJ6-1, CJ3-1;;02/11/2000 01:00:00;;1250;0;77;0;N/A;N/A;N/A;N/A;N/A;N/A;720;M;8;8;144;0;0;0;0;0;0;0;0;0;0;0;;;;23/10/2015 16:10:52
T803724021;ALCOOL;22536V  01;KLUTHE FRANCE;22536V  01;France;KLUTHE FRANCE;EVEILLARD ISABELLE;CJ6;1;Non traitée;04/11/15 11:41;11,5;13/11/2015 14:20:38;20,5;;0;13/11/2015 14:20:38;20,5;4457,5;1191,5;4391,5;0;CJ6-1;;01/01/1996 01:00:00;;3200;0;20;0;N/A;N/A;N/A;N/A;N/A;N/A;600;M;604;605;9600;4000;0;0;0;0;0;0;0;0;2400;0;;;;23/10/2015 16:07:02
T803724022;ALCOOL éTHYL 5L;65517N  12;BRENNTAG SA;65517N  03;France;BRENNTAG SA;EVEILLARD ISABELLE;CJ6;1;Non traitée;03/11/15 07:00;10,5;03/11/2015 07:00:00;10,5;;0;03/11/2015 07:00:00;10,5;-43,5;-48,05;-48,05;0;CJ6-1;;14/09/2006 02:00:00;;0;0;20;0;N/A;N/A;N/A;N/A;N/A;N/A;300;M;8;8;64;0;0;0;0;0;0;0;0;0;64;0;;;;23/10/2015 16:06:58
T803740151;SOLVANT A.B.G.;22536V  01;KLUTHE FRANCE;22536V  01;France;KLUTHE FRANCE;EVEILLARD ISABELLE;CJ3;1;Non traitée;03/11/15 07:00;10,5;03/11/2015 07:00:00;10,5;;0;03/11/2015 07:00:00;10,5;-30,34;-35,45;-35,45;0;CJ3-1;;01/01/1996 01:00:00;;0;0;20;0;N/A;N/A;N/A;N/A;N/A;N/A;600;M;9;9;195;0;0;0;0;0;0;0;0;0;0;0;;;;23/10/2015 16:02:07
T845201661;GRAISSE N4128;84940A  01;TOTAL LUBRIFIANTS;99008S  04;France;RHENUS LOGISTICS FRANCE;EVEILLARD ISABELLE;CJ6;1;Non traitée;03/11/15 07:00;10,5;03/11/2015 07:00:00;10,5;;0;03/11/2015 07:00:00;10,5;-21,59;-22,12;-22,12;0;CJ6-1;;01/01/1996 01:00:00;;0;0;58;0;N/A;N/A;N/A;N/A;N/A;N/A;360;M;1;1;0;0;0;0;0;0;0;0;0;0;0;0;attente inventaire BA;13/10/2015 15:01:01;c175543;23/10/2015 16:07:39
V760348480;ECRAN THERMIQ.;37525M  01;ELRINGKLINGER AG;37525M  04;Allemagne;ELRINGKLINGER AG;EVEILLARD ISABELLE;CJ6;1;Non traitée;03/11/15 07:00;10,5;;0;;0;;0;309;-9;291;0;CJ6-1;;03/09/2009 02:00:00;;300;0;77;0;N/A;N/A;N/A;N/A;N/A;N/A;720;M;35;30;150;0;0;0;0;0;0;0;0;0;0;0;;;;23/10/2015 16:07:19
Z0A0003281;VERNIS PU 2K SC;12939N  04;BASF FRANCE SAS;12939N  09;France;BASF FRANCE SAS;EVEILLARD ISABELLE;CJ3;1;Non traitée;03/11/15 07:00;10,5;03/11/2015 07:00:00;10,5;;0;03/11/2015 07:00:00;10,5;0;-0,19;-0,19;0;CJ3-1;;26/02/2003 01:00:00;;0;0;20;0;N/A;N/A;N/A;N/A;N/A;N/A;420;M;3;3;0;0;0;0;0;0;0;0;0;0;0;0;;;;23/10/2015 16:10:47
Z0A0008134;TEROKAL 1191 250;17915X  01;HENKEL TECHNOLOGIES FRANCE;09463K  02;Espagne;HENKEL IBERICA S.A;PENVEN CHRISTIAN;CJ2;1;Non traitée;03/11/15 07:00;10,5;;0;;0;;0;1897,68;-2123,3;1876,7;0;CJ2-1;;14/12/2004 01:00:00;;4000;0;20;0;N/A;N/A;N/A;N/A;N/A;N/A;720;M;19;20;1500;500;0;0;0;0;0;0;0;0;500;0;;;;23/10/2015 16:30:44
Z0A0018682;ABG QUARON CONT.;22536V  01;KLUTHE FRANCE;22536V  01;France;KLUTHE FRANCE;EVEILLARD ISABELLE;CJ3;1;Non traitée;03/11/15 07:00;10,5;03/11/2015 07:00:00;10,5;;0;03/11/2015 07:00:00;10,5;-91,06;-98,15;-98,15;0;CJ3-1;;03/07/2006 02:00:00;;0;0;20;0;N/A;N/A;N/A;N/A;N/A;N/A;600;M;12;12;0;0;0;0;0;0;0;0;0;0;0;0;;;;23/10/2015 16:05:11
Z0A0019572;MASTIC 1159FUT50;17915X  01;HENKEL TECHNOLOGIES FRANCE;09463K  02;Espagne;HENKEL IBERICA S.A;PENVEN CHRISTIAN;CJ2;1;Non traitée;03/11/15 13:02;10,5;;0;;0;;0;48,57;-26,48;48,52;0;CJ2-1;;11/02/2008 01:00:00;;75;0;77;0;N/A;N/A;N/A;N/A;N/A;N/A;720;M;0;1;100;0;0;0;0;0;0;0;0;0;100;0;;;;23/10/2015 16:31:13
Z0A0019601;IMPRESSION PHOSP;12939N  04;BASF FRANCE SAS;12939N  09;France;BASF FRANCE SAS;EVEILLARD ISABELLE;CJ3;1;Non traitée;10/11/15 12:13;17,5;10/11/2015 12:13:36;17,5;;0;10/11/2015 12:13:36;17,5;2,82;2,58;2,58;0;CJ3-1;;18/09/2007 02:00:00;;0;0;20;0;N/A;N/A;N/A;N/A;N/A;N/A;420;M;1;1;0;30;0;0;0;0;0;0;0;0;30;0;;;;23/10/2015 16:31:06
Z0A0022412;BUTEE SUP COFFRE;28920J  01;EXSTO THERMOPLASTICS;28920J  02;France;EXSTO THERMOPLASTICS;EVEILLARD ISABELLE;CJ2;1;Non traitée;03/11/15 07:00;10,5;;0;;0;;0;10758;-3355,53;10444,47;0;CJ2-1;;26/07/2010 02:00:00;;13800;0;39;0;N/A;N/A;N/A;N/A;N/A;N/A;720;M;296;293;9200;0;0;0;0;0;0;0;0;0;0;0;;;;23/10/2015 16:06:42
Z0A0026679;CONDUCTEUR;92906J  01;PRYSMIAN CABLES ET SYSTEMES;13736E  43;France;GEFCO FRANCE SAS;GAUTHER SYLVIE;CJ6;1;Non traitée;03/11/15 08:29;10,5;;0;;0;;0;53;0,9;50,9;0;CJ6-1;;01/07/2013 02:00:00;;50;0;77;0;N/A;N/A;N/A;N/A;N/A;N/A;120;M;4;4;630;0;0;0;0;0;0;0;0;0;0;0;;;;23/10/2015 16:08:35
Z0A0026819;ACTIVATEUR;94852Z  01;DOW FRANCE;22698U  01;Allemagne;DOW OLEFINVERBUND GMBH;PENVEN CHRISTIAN;CJ6;1;Non traitée;03/11/15 07:00;10,5;;0;;0;;0;27,25;-22,19;25,81;0;CJ6-1;;26/01/2015 01:00:00;;48;0;20;0;N/A;N/A;N/A;N/A;N/A;N/A;720;M;3;3;144;0;0;0;0;0;0;0;0;0;144;0;;;;23/10/2015 16:30:43
